Смирнов	M
Иванов	M
Кузнецов	M
Соколов	M
Попов	M
Лебедев	M
Козлов	M
Новиков	M
Морозов	M
Петров	M
Волков	M
Соловьёв	M
Васильев	M
Зайцев	M
Павлов	M
Семёнов	M
Голубев	M
Виноградов	M
Богданов	M
Воробьёв	M
Фёдоров	M
Михайлов	M
Беляев	M
Тарасов	M
Белов	M
Комаров	M
Орлов	M
Киселёв	M
Макаров	M
Андреев	M
Ковалёв	M
Ильин	M
Гусев	M
Титов	M
Кузьмин	M
Кудрявцев	M
Баранов	M
Куликов	M
Алексеев	M
Степанов	M
Яковлев	M
Сорокин	M
Сергеев	M
Романов	M
Захаров	M
Борисов	M
Королёв	M
Герасимов	M
Пономарёв	M
Григорьев	M
Лазарев	M
Медведев	M
Ершов	M
Никитин	M
Соболев	M
Рябов	M
Поляков	M
Цветков	M
Данилов	M
Жуков	M
Фролов	M
Журавлёв	M
Николаев	M
Крылов	M
Максимов	M
Сидоров	M
Осипов	M
Белоусов	M
Федотов	M
Дорофеев	M
Егоров	M
Матвеев	M
Бобров	M
Дмитриев	M
Калинин	M
Анисимов	M
Петухов	M
Антонов	M
Тимофеев	M
Никифоров	M
Веселов	M
Филиппов	M
Марков	M
Большаков	M
Суханов	M
Миронов	M
Ширяев	M
Александров	M
Коновалов	M
Шестаков	M
Казаков	M
Ефимов	M
Денисов	M
Громов	M
Фомин	M
Давыдов	M
Мельников	M
Щербаков	M
Блинов	M
Колесников	M
Карпов	M
Афанасьев	M
Власов	M
Маслов	M
Исаков	M
Тихонов	M
Аксёнов	M
Гаврилов	M
Родионов	M
Котов	M
Горбунов	M
Кудряшов	M
Быков	M
Зуев	M
Третьяков	M
Савельев	M
Панов	M
Рыбаков	M
Суворов	M
Абрамов	M
Воронов	M
Мухин	M
Архипов	M
Трофимов	M
Мартынов	M
Емельянов	M
Горшков	M
Чернов	M
Овчинников	M
Селезнёв	M
Панфилов	M
Копылов	M
Михеев	M
Галкин	M
Назаров	M
Лобанов	M
Лукин	M
Беляков	M
Потапов	M
Некрасов	M
Хохлов	M
Жданов	M
Наумов	M
Шилов	M
Воронцов	M
Ермаков	M
Дроздов	M
Игнатьев	M
Савин	M
Логинов	M
Сафонов	M
Капустин	M
Кириллов	M
Моисеев	M
Елисеев	M
Кошелев	M
Костин	M
Горбачёв	M
Орехов	M
Ефремов	M
Исаев	M
Евдокимов	M
Калашников	M
Кабанов	M
Носков	M
Юдин	M
Кулагин	M
Лапин	M
Прохоров	M
Нестеров	M
Харитонов	M
Агафонов	M
Муравьёв	M
Ларионов	M
Федосеев	M
Зимин	M
Пахомов	M
Шубин	M
Игнатов	M
Филатов	M
Крюков	M
Рогов	M
Кулаков	M
Терентьев	M
Молчанов	M
Владимиров	M
Артемьев	M
Гурьев	M
Зиновьев	M
Гришин	M
Кононов	M
Дементьев	M
Ситников	M
Симонов	M
Мишин	M
Фадеев	M
Комиссаров	M
Мамонтов	M
Носов	M
Гуляев	M
Шаров	M
Устинов	M
Вишняков	M
Евсеев	M
Лаврентьев	M
Брагин	M
Константинов	M
Корнилов	M
Авдеев	M
Зыков	M
Бирюков	M
Шарапов	M
Никонов	M
Щукин	M
Дьячков	M
Одинцов	M
Сазонов	M
Якушев	M
Красильников	M
Гордеев	M
Самойлов	M
Князев	M
Беспалов	M
Уваров	M
Шашков	M
Бобылёв	M
Доронин	M
Белозёров	M
Рожков	M
Самсонов	M
Мясников	M
Лихачёв	M
Буров	M
Сысоев	M
Фомичёв	M
Русаков	M
Стрелков	M
Гущин	M
Тетерин	M
Колобов	M
Субботин	M
Фокин	M
Блохин	M
Селиверстов	M
Пестов	M
Кондратьев	M
Силин	M
Меркушев	M
Лыткин	M
Туров	M
Смирнова	F
Иванова	F
Кузнецова	F
Соколова	F
Попова	F
Лебедева	F
Козлова	F
Новикова	F
Морозова	F
Петрова	F
Волкова	F
Соловьёва	F
Васильева	F
Зайцева	F
Павлова	F
Семёнова	F
Голубева	F
Виноградова	F
Богданова	F
Воробьёва	F
Фёдорова	F
Михайлова	F
Беляева	F
Тарасова	F
Белова	F
Комарова	F
Орлова	F
Киселёва	F
Макарова	F
Андреева	F
Ковалёва	F
Ильина	F
Гусева	F
Титова	F
Кузьмина	F
Кудрявцева	F
Баранова	F
Куликова	F
Алексеева	F
Степанова	F
Яковлева	F
Сорокина	F
Сергеева	F
Романова	F
Захарова	F
Борисова	F
Королёва	F
Герасимова	F
Пономарёва	F
Григорьева	F
Лазарева	F
Медведева	F
Ершова	F
Никитина	F
Соболева	F
Рябова	F
Полякова	F
Цветкова	F
Данилова	F
Жукова	F
Фролова	F
Журавлёва	F
Николаева	F
Крылова	F
Максимова	F
Сидорова	F
Осипова	F
Белоусова	F
Федотова	F
Дорофеева	F
Егорова	F
Матвеева	F
Боброва	F
Дмитриева	F
Калинина	F
Анисимова	F
Петухова	F
Антонова	F
Тимофеева	F
Никифорова	F
Веселова	F
Филиппова	F
Маркова	F
Большакова	F
Суханова	F
Миронова	F
Ширяева	F
Александрова	F
Коновалова	F
Шестакова	F
Казакова	F
Ефимова	F
Денисова	F
Громова	F
Фомина	F
Давыдова	F
Мельникова	F
Щербакова	F
Блинова	F
Колесникова	F
Карпова	F
Афанасьева	F
Власова	F
Маслова	F
Исакова	F
Тихонова	F
Аксёнова	F
Гаврилова	F
Родионова	F
Котова	F
Горбунова	F
Кудряшова	F
Быкова	F
Зуева	F
Третьякова	F
Савельева	F
Панова	F
Рыбакова	F
Суворова	F
Абрамова	F
Воронова	F
Мухина	F
Архипова	F
Трофимова	F
Мартынова	F
Емельянова	F
Горшкова	F
Чернова	F
Овчинникова	F
Селезнёва	F
Панфилова	F
Копылова	F
Михеева	F
Галкина	F
Назарова	F
Лобанова	F
Лукина	F
Белякова	F
Потапова	F
Некрасова	F
Хохлова	F
Жданова	F
Наумова	F
Шилова	F
Воронцова	F
Ермакова	F
Дроздова	F
Игнатьева	F
Савина	F
Логинова	F
Сафонова	F
Капустина	F
Кириллова	F
Моисеева	F
Елисеева	F
Кошелева	F
Костина	F
Горбачёва	F
Орехова	F
Ефремова	F
Исаева	F
Евдокимова	F
Калашникова	F
Кабанова	F
Носкова	F
Юдина	F
Кулагина	F
Лапина	F
Прохорова	F
Нестерова	F
Харитонова	F
Агафонова	F
Муравьёва	F
Ларионова	F
Федосеева	F
Зимина	F
Пахомова	F
Шубина	F
Игнатова	F
Филатова	F
Крюкова	F
Рогова	F
Кулакова	F
Терентьева	F
Молчанова	F
Владимирова	F
Артемьева	F
Гурьева	F
Зиновьева	F
Гришина	F
Кононова	F
Дементьева	F
Ситникова	F
Симонова	F
Мишина	F
Фадеева	F
Комиссарова	F
Мамонтова	F
Носова	F
Гуляева	F
Шарова	F
Устинова	F
Вишнякова	F
Евсеева	F
Лаврентьева	F
Брагина	F
Константинова	F
Корнилова	F
Авдеева	F
Зыкова	F
Бирюкова	F
Шарапова	F
Никонова	F
Щукина	F
Дьячкова	F
Одинцова	F
Сазонова	F
Якушева	F
Красильникова	F
Гордеева	F
Самойлова	F
Князева	F
Беспалова	F
Уварова	F
Шашкова	F
Бобылёва	F
Доронина	F
Белозёрова	F
Рожкова	F
Самсонова	F
Мясникова	F
Лихачёва	F
Бурова	F
Сысоева	F
Фомичёва	F
Русакова	F
Стрелкова	F
Гущина	F
Тетерина	F
Колобова	F
Субботина	F
Фокина	F
Блохина	F
Селиверстова	F
Пестова	F
Кондратьева	F
Силина	F
Меркушева	F
Лыткина	F
Турова	F