Александрович	M
Николаевич	M
Владимирович	M
Сергеевич	M
Алексеевич	M
Иванович	M
Викторович	M
Михайлович	M
Анатольевич	M
Андреевич	M
Юрьевич	M
Дмитриевич	M
Васильевич	M
Евгеньевич	M
Валерьевич	M
Павлович	M
Максимович	M
Игоревич	M
Петрович	M
Олегович	M
Александровна	F
Николаевна	F
Владимировна	F
Сергеевна	F
Алексеевна	F
Ивановна	F
Викторовна	F
Михайловна	F
Анатольевна	F
Андреевна	F
Юрьевна	F
Дмитриевна	F
Васильевна	F
Евгеньевна	F
Валерьевна	F
Павловна	F
Максимовна	F
Игоревна	F
Петровна	F
Олеговна	F